* Decision Tree.,,,,,,,,,,,,,
TREE bad_cs_acct [n] BY existing_efs_cs [n] cs_life_num_min_pymnt [s],,,,,,,,,,,,,
  /TREE DISPLAY=TOPDOWN NODES=STATISTICS BRANCHSTATISTICS=YES NODEDEFS=YES SCALE=AUTO,,,,,,,,,,,,,
  /DEPCATEGORIES USEVALUES=[VALID],,,,,,,,,,,,,
  /PRINT MODELSUMMARY CLASSIFICATION RISK TREETABLE,,,,,,,,,,,,,
  /RULES NODES=TERMINAL SYNTAX=SQL TYPE=SCORING,,,,,,,,,,,,,
  /METHOD TYPE=CHAID,,,,,,,,,,,,,
  /GROWTHLIMIT MAXDEPTH=1 MINPARENTSIZE=400 MINCHILDSIZE=200,,,,,,,,,,,,,
  /VALIDATION TYPE=NONE OUTPUT=BOTHSAMPLES,,,,,,,,,,,,,
  /CHAID ALPHASPLIT=0.05 ALPHAMERGE=0.05 SPLITMERGED=NO CHISQUARE=PEARSON CONVERGE=0.001 MAXITERATIONS=100 ADJUST=BONFERRONI INTERVALS=20,,,,,,,,,,,,,
  /COSTS EQUAL,,,,,,,,,,,,,
  /MISSING NOMINALMISSING=VALID.,,,,,,,,,,,,,
,,,,,,,,,,,,,
,,,,,,,,,,,,,
Classification Tree,,,,,,,,,,,,,
,,,,,,,,,,,,,
Notes,,,,,,,,,,,,,
Output Created,,18-DEC-2014 17:52:15,,,,,,,,,,,
Comments,,,,,,,,,,,,,
Input,Active Dataset,DataSet1,,,,,,,,,,,
,Filter,<none>,,,,,,,,,,,
,Weight,<none>,,,,,,,,,,,
,Split File,<none>,,,,,,,,,,,
,N of Rows in Working Data File,79076,,,,,,,,,,,
Missing Value Handling,Definition of Missing,User-defined missing values of nominal independent variables are treated as valid data in tree growing and classification.,,,,,,,,,,,
,Cases Used,Only cases with valid data for the dependent variable and some or all independent variables are used in computing any statistics.,,,,,,,,,,,
Syntax,,"TREE bad_cs_acct [n] BY existing_efs_cs [n] cs_life_num_min_pymnt [s]
  /TREE DISPLAY=TOPDOWN NODES=STATISTICS BRANCHSTATISTICS=YES NODEDEFS=YES SCALE=AUTO
  /DEPCATEGORIES USEVALUES=[VALID]
  /PRINT MODELSUMMARY CLASSIFICATION RISK TREETABLE
  /RULES NODES=TERMINAL SYNTAX=SQL TYPE=SCORING
  /METHOD TYPE=CHAID
  /GROWTHLIMIT MAXDEPTH=1 MINPARENTSIZE=400 MINCHILDSIZE=200
  /VALIDATION TYPE=NONE OUTPUT=BOTHSAMPLES
  /CHAID ALPHASPLIT=0.05 ALPHAMERGE=0.05 SPLITMERGED=NO CHISQUARE=PEARSON CONVERGE=0.001 MAXITERATIONS=100 ADJUST=BONFERRONI INTERVALS=20
  /COSTS EQUAL
  /MISSING NOMINALMISSING=VALID.",,,,,,,,,,,
Resources,Processor Time,00:00:00.45,,,,,,,,,,,
,Elapsed Time,00:00:00.48,,,,,,,,,,,
Files Saved,Rules File,,,,,,,,,,,,
,,,,,,,,,,,,,
Warnings,,,,,,,,,,,,,
Gain summary Tables are not displayed because profits are undefined.,,,,,,,,,,,,,
Target category gains tables are not displayed because target categories are undefined.,,,,,,,,,,,,,
,,,,,,,,,,,,,
Model Summary,,,,,,,,,,,,,
Specifications,Growing Method,CHAID,,,,,,,,,,,
,Dependent Variable,bad_cs_acct,,,,,,,,,,,
,Independent Variables,"existing_efs_cs, cs_life_num_min_pymnt",,,,,,,,,,,
,Validation,None,,,,,,,,,,,
,Maximum Tree Depth,1,,,,,,,,,,,
,Minimum Cases in Parent Node,400,,,,,,,,,,,
,Minimum Cases in Child Node,200,,,,,,,,,,,
Results,Independent Variables Included,cs_life_num_min_pymnt,,,,,,,,,,,
,Number of Nodes,3,,,,,,,,,,,
,Number of Terminal Nodes,2,,,,,,,,,,,
,Depth,1,,,,,,,,,,,
,,,,,,,,,,,,,
,,,,,,,,,,,,,
Tree Table,,,,,,,,,,,,,
Node,0,,1,,Total,,Predicted Category,Parent Node,Primary Independent Variable,,,,
,N,Percent,N,Percent,N,Percent,,,Variable,Sig.a,Chi-Square,df,Split Values
0,66835,84.5%,12241,15.5%,79076,100.0%,0,,,,,,
1,65002,85.2%,11253,14.8%,76255,96.4%,0,0,cs_life_num_min_pymnt,.000,853.946,1,<= .0
2,1833,65.0%,988,35.0%,2821,3.6%,0,0,cs_life_num_min_pymnt,.000,853.946,1,> .0
"Growing Method: CHAID
Dependent Variable: bad_cs_acct",,,,,,,,,,,,,
a. Bonferroni adjusted,,,,,,,,,,,,,
,,,,,,,,,,,,,
Risk,,,,,,,,,,,,,
Estimate,Std. Error,,,,,,,,,,,,
.155,.001,,,,,,,,,,,,
"Growing Method: CHAID
Dependent Variable: bad_cs_acct",,,,,,,,,,,,,
,,,,,,,,,,,,,
Classification,,,,,,,,,,,,,
Observed,Predicted,,,,,,,,,,,,
,0,1,Percent Correct,,,,,,,,,,
0,66835,0,100.0%,,,,,,,,,,
1,12241,0,0.0%,,,,,,,,,,
Overall Percentage,100.0%,0.0%,84.5%,,,,,,,,,,
"Growing Method: CHAID
Dependent Variable: bad_cs_acct",,,,,,,,,,,,,
,,,,,,,,,,,,,
,,,,,,,,,,,,,
,,,,,,,,,,,,,
/* Node 1 */.,,,,,,,,,,,,,
UPDATE <TABLE>,,,,,,,,,,,,,
"SET nod_001 = 1, pre_001 = 0, prb_001 = 0.852429",,,,,,,,,,,,,
WHERE ((cs_life_num_min_pymnt IS NULL) OR (cs_life_num_min_pymnt <= 0));,,,,,,,,,,,,,
/* Node 2 */.,,,,,,,,,,,,,
UPDATE <TABLE>,,,,,,,,,,,,,
"SET nod_001 = 2, pre_001 = 0, prb_001 = 0.649770",,,,,,,,,,,,,
WHERE (NOT(cs_life_num_min_pymnt IS NULL)  AND  (cs_life_num_min_pymnt > 0));,,,,,,,,,,,,,
,,,,,,,,,,,,,
* Decision Tree.,,,,,,,,,,,,,
TREE bad_cs_acct [n] BY existing_efs_cs [n] cs_12m_15_30_times [s],,,,,,,,,,,,,
  /TREE DISPLAY=TOPDOWN NODES=STATISTICS BRANCHSTATISTICS=YES NODEDEFS=YES SCALE=AUTO,,,,,,,,,,,,,
  /DEPCATEGORIES USEVALUES=[VALID],,,,,,,,,,,,,
  /PRINT MODELSUMMARY CLASSIFICATION RISK TREETABLE,,,,,,,,,,,,,
  /RULES NODES=TERMINAL SYNTAX=SQL TYPE=SCORING,,,,,,,,,,,,,
  /METHOD TYPE=CHAID,,,,,,,,,,,,,
  /GROWTHLIMIT MAXDEPTH=1 MINPARENTSIZE=400 MINCHILDSIZE=200,,,,,,,,,,,,,
  /VALIDATION TYPE=NONE OUTPUT=BOTHSAMPLES,,,,,,,,,,,,,
  /CHAID ALPHASPLIT=0.05 ALPHAMERGE=0.05 SPLITMERGED=NO CHISQUARE=PEARSON CONVERGE=0.001 MAXITERATIONS=100 ADJUST=BONFERRONI INTERVALS=20,,,,,,,,,,,,,
  /COSTS EQUAL,,,,,,,,,,,,,
  /MISSING NOMINALMISSING=VALID.,,,,,,,,,,,,,
,,,,,,,,,,,,,
,,,,,,,,,,,,,
Classification Tree,,,,,,,,,,,,,
,,,,,,,,,,,,,
Notes,,,,,,,,,,,,,
Output Created,,18-DEC-2014 17:53:37,,,,,,,,,,,
Comments,,,,,,,,,,,,,
Input,Active Dataset,DataSet1,,,,,,,,,,,
,Filter,<none>,,,,,,,,,,,
,Weight,<none>,,,,,,,,,,,
,Split File,<none>,,,,,,,,,,,
,N of Rows in Working Data File,79076,,,,,,,,,,,
Missing Value Handling,Definition of Missing,User-defined missing values of nominal independent variables are treated as valid data in tree growing and classification.,,,,,,,,,,,
,Cases Used,Only cases with valid data for the dependent variable and some or all independent variables are used in computing any statistics.,,,,,,,,,,,
Syntax,,"TREE bad_cs_acct [n] BY existing_efs_cs [n] cs_12m_15_30_times [s]
  /TREE DISPLAY=TOPDOWN NODES=STATISTICS BRANCHSTATISTICS=YES NODEDEFS=YES SCALE=AUTO
  /DEPCATEGORIES USEVALUES=[VALID]
  /PRINT MODELSUMMARY CLASSIFICATION RISK TREETABLE
  /RULES NODES=TERMINAL SYNTAX=SQL TYPE=SCORING
  /METHOD TYPE=CHAID
  /GROWTHLIMIT MAXDEPTH=1 MINPARENTSIZE=400 MINCHILDSIZE=200
  /VALIDATION TYPE=NONE OUTPUT=BOTHSAMPLES
  /CHAID ALPHASPLIT=0.05 ALPHAMERGE=0.05 SPLITMERGED=NO CHISQUARE=PEARSON CONVERGE=0.001 MAXITERATIONS=100 ADJUST=BONFERRONI INTERVALS=20
  /COSTS EQUAL
  /MISSING NOMINALMISSING=VALID.",,,,,,,,,,,
Resources,Processor Time,00:00:00.44,,,,,,,,,,,
,Elapsed Time,00:00:00.53,,,,,,,,,,,
Files Saved,Rules File,,,,,,,,,,,,
,,,,,,,,,,,,,
Warnings,,,,,,,,,,,,,
Gain summary Tables are not displayed because profits are undefined.,,,,,,,,,,,,,
Target category gains tables are not displayed because target categories are undefined.,,,,,,,,,,,,,
,,,,,,,,,,,,,
Model Summary,,,,,,,,,,,,,
Specifications,Growing Method,CHAID,,,,,,,,,,,
,Dependent Variable,bad_cs_acct,,,,,,,,,,,
,Independent Variables,"existing_efs_cs, cs_12m_15_30_times",,,,,,,,,,,
,Validation,None,,,,,,,,,,,
,Maximum Tree Depth,1,,,,,,,,,,,
,Minimum Cases in Parent Node,400,,,,,,,,,,,
,Minimum Cases in Child Node,200,,,,,,,,,,,
Results,Independent Variables Included,cs_12m_15_30_times,,,,,,,,,,,
,Number of Nodes,3,,,,,,,,,,,
,Number of Terminal Nodes,2,,,,,,,,,,,
,Depth,1,,,,,,,,,,,
,,,,,,,,,,,,,
,,,,,,,,,,,,,
Tree Table,,,,,,,,,,,,,
Node,0,,1,,Total,,Predicted Category,Parent Node,Primary Independent Variable,,,,
,N,Percent,N,Percent,N,Percent,,,Variable,Sig.a,Chi-Square,df,Split Values
0,66835,84.5%,12241,15.5%,79076,100.0%,0,,,,,,
1,65334,85.8%,10798,14.2%,76132,96.3%,0,0,cs_12m_15_30_times,0.000,2628.318,1,<= .0
2,1501,51.0%,1443,49.0%,2944,3.7%,0,0,cs_12m_15_30_times,0.000,2628.318,1,> .0
"Growing Method: CHAID
Dependent Variable: bad_cs_acct",,,,,,,,,,,,,
a. Bonferroni adjusted,,,,,,,,,,,,,
,,,,,,,,,,,,,
Risk,,,,,,,,,,,,,
Estimate,Std. Error,,,,,,,,,,,,
.155,.001,,,,,,,,,,,,
"Growing Method: CHAID
Dependent Variable: bad_cs_acct",,,,,,,,,,,,,
,,,,,,,,,,,,,
Classification,,,,,,,,,,,,,
Observed,Predicted,,,,,,,,,,,,
,0,1,Percent Correct,,,,,,,,,,
0,66835,0,100.0%,,,,,,,,,,
1,12241,0,0.0%,,,,,,,,,,
Overall Percentage,100.0%,0.0%,84.5%,,,,,,,,,,
"Growing Method: CHAID
Dependent Variable: bad_cs_acct",,,,,,,,,,,,,
,,,,,,,,,,,,,
,,,,,,,,,,,,,
,,,,,,,,,,,,,
/* Node 1 */.,,,,,,,,,,,,,
UPDATE <TABLE>,,,,,,,,,,,,,
"SET nod_001 = 1, pre_001 = 0, prb_001 = 0.858167",,,,,,,,,,,,,
WHERE ((cs_12m_15_30_times IS NULL) OR (cs_12m_15_30_times <= 0));,,,,,,,,,,,,,
/* Node 2 */.,,,,,,,,,,,,,
UPDATE <TABLE>,,,,,,,,,,,,,
"SET nod_001 = 2, pre_001 = 0, prb_001 = 0.509851",,,,,,,,,,,,,
WHERE (NOT(cs_12m_15_30_times IS NULL)  AND  (cs_12m_15_30_times > 0));,,,,,,,,,,,,,
,,,,,,,,,,,,,
* Decision Tree.,,,,,,,,,,,,,
TREE bad_cs_acct [n] BY existing_efs_cs [n] cs_nsf_life_times [s],,,,,,,,,,,,,
  /TREE DISPLAY=TOPDOWN NODES=STATISTICS BRANCHSTATISTICS=YES NODEDEFS=YES SCALE=AUTO,,,,,,,,,,,,,
  /DEPCATEGORIES USEVALUES=[VALID],,,,,,,,,,,,,
  /PRINT MODELSUMMARY CLASSIFICATION RISK TREETABLE,,,,,,,,,,,,,
  /RULES NODES=TERMINAL SYNTAX=SQL TYPE=SCORING,,,,,,,,,,,,,
  /METHOD TYPE=CHAID,,,,,,,,,,,,,
  /GROWTHLIMIT MAXDEPTH=1 MINPARENTSIZE=400 MINCHILDSIZE=200,,,,,,,,,,,,,
  /VALIDATION TYPE=NONE OUTPUT=BOTHSAMPLES,,,,,,,,,,,,,
  /CHAID ALPHASPLIT=0.05 ALPHAMERGE=0.05 SPLITMERGED=NO CHISQUARE=PEARSON CONVERGE=0.001 MAXITERATIONS=100 ADJUST=BONFERRONI INTERVALS=20,,,,,,,,,,,,,
  /COSTS EQUAL,,,,,,,,,,,,,
  /MISSING NOMINALMISSING=VALID.,,,,,,,,,,,,,
,,,,,,,,,,,,,
,,,,,,,,,,,,,
Classification Tree,,,,,,,,,,,,,
,,,,,,,,,,,,,
Notes,,,,,,,,,,,,,
Output Created,,18-DEC-2014 17:53:53,,,,,,,,,,,
Comments,,,,,,,,,,,,,
Input,Active Dataset,DataSet1,,,,,,,,,,,
,Filter,<none>,,,,,,,,,,,
,Weight,<none>,,,,,,,,,,,
,Split File,<none>,,,,,,,,,,,
,N of Rows in Working Data File,79076,,,,,,,,,,,
Missing Value Handling,Definition of Missing,User-defined missing values of nominal independent variables are treated as valid data in tree growing and classification.,,,,,,,,,,,
,Cases Used,Only cases with valid data for the dependent variable and some or all independent variables are used in computing any statistics.,,,,,,,,,,,
Syntax,,"TREE bad_cs_acct [n] BY existing_efs_cs [n] cs_nsf_life_times [s]
  /TREE DISPLAY=TOPDOWN NODES=STATISTICS BRANCHSTATISTICS=YES NODEDEFS=YES SCALE=AUTO
  /DEPCATEGORIES USEVALUES=[VALID]
  /PRINT MODELSUMMARY CLASSIFICATION RISK TREETABLE
  /RULES NODES=TERMINAL SYNTAX=SQL TYPE=SCORING
  /METHOD TYPE=CHAID
  /GROWTHLIMIT MAXDEPTH=1 MINPARENTSIZE=400 MINCHILDSIZE=200
  /VALIDATION TYPE=NONE OUTPUT=BOTHSAMPLES
  /CHAID ALPHASPLIT=0.05 ALPHAMERGE=0.05 SPLITMERGED=NO CHISQUARE=PEARSON CONVERGE=0.001 MAXITERATIONS=100 ADJUST=BONFERRONI INTERVALS=20
  /COSTS EQUAL
  /MISSING NOMINALMISSING=VALID.",,,,,,,,,,,
Resources,Processor Time,00:00:00.50,,,,,,,,,,,
,Elapsed Time,00:00:00.53,,,,,,,,,,,
Files Saved,Rules File,,,,,,,,,,,,
,,,,,,,,,,,,,
Warnings,,,,,,,,,,,,,
Gain summary Tables are not displayed because profits are undefined.,,,,,,,,,,,,,
Target category gains tables are not displayed because target categories are undefined.,,,,,,,,,,,,,
,,,,,,,,,,,,,
Model Summary,,,,,,,,,,,,,
Specifications,Growing Method,CHAID,,,,,,,,,,,
,Dependent Variable,bad_cs_acct,,,,,,,,,,,
,Independent Variables,"existing_efs_cs, cs_nsf_life_times",,,,,,,,,,,
,Validation,None,,,,,,,,,,,
,Maximum Tree Depth,1,,,,,,,,,,,
,Minimum Cases in Parent Node,400,,,,,,,,,,,
,Minimum Cases in Child Node,200,,,,,,,,,,,
Results,Independent Variables Included,cs_nsf_life_times,,,,,,,,,,,
,Number of Nodes,4,,,,,,,,,,,
,Number of Terminal Nodes,3,,,,,,,,,,,
,Depth,1,,,,,,,,,,,
,,,,,,,,,,,,,
,,,,,,,,,,,,,
Tree Table,,,,,,,,,,,,,
Node,0,,1,,Total,,Predicted Category,Parent Node,Primary Independent Variable,,,,
,N,Percent,N,Percent,N,Percent,,,Variable,Sig.a,Chi-Square,df,Split Values
0,66835,84.5%,12241,15.5%,79076,100.0%,0,,,,,,
1,52212,90.3%,5619,9.7%,57831,73.1%,0,0,cs_nsf_life_times,0.000,6760.580,2,<= .0
2,7778,78.4%,2147,21.6%,9925,12.6%,0,0,cs_nsf_life_times,0.000,6760.580,2,"(.0, 1.0]"
3,6845,60.5%,4475,39.5%,11320,14.3%,0,0,cs_nsf_life_times,0.000,6760.580,2,> 1.0
"Growing Method: CHAID
Dependent Variable: bad_cs_acct",,,,,,,,,,,,,
a. Bonferroni adjusted,,,,,,,,,,,,,
,,,,,,,,,,,,,
Risk,,,,,,,,,,,,,
Estimate,Std. Error,,,,,,,,,,,,
.155,.001,,,,,,,,,,,,
"Growing Method: CHAID
Dependent Variable: bad_cs_acct",,,,,,,,,,,,,
,,,,,,,,,,,,,
Classification,,,,,,,,,,,,,
Observed,Predicted,,,,,,,,,,,,
,0,1,Percent Correct,,,,,,,,,,
0,66835,0,100.0%,,,,,,,,,,
1,12241,0,0.0%,,,,,,,,,,
Overall Percentage,100.0%,0.0%,84.5%,,,,,,,,,,
"Growing Method: CHAID
Dependent Variable: bad_cs_acct",,,,,,,,,,,,,
,,,,,,,,,,,,,
,,,,,,,,,,,,,
,,,,,,,,,,,,,
/* Node 1 */.,,,,,,,,,,,,,
UPDATE <TABLE>,,,,,,,,,,,,,
"SET nod_001 = 1, pre_001 = 0, prb_001 = 0.902838",,,,,,,,,,,,,
WHERE ((cs_nsf_life_times IS NULL) OR (cs_nsf_life_times <= 0));,,,,,,,,,,,,,
/* Node 2 */.,,,,,,,,,,,,,
UPDATE <TABLE>,,,,,,,,,,,,,
"SET nod_001 = 2, pre_001 = 0, prb_001 = 0.783678",,,,,,,,,,,,,
WHERE (NOT(cs_nsf_life_times IS NULL)  AND  (cs_nsf_life_times > 0  AND  cs_nsf_life_times <= 1));,,,,,,,,,,,,,
/* Node 3 */.,,,,,,,,,,,,,
UPDATE <TABLE>,,,,,,,,,,,,,
"SET nod_001 = 3, pre_001 = 0, prb_001 = 0.604682",,,,,,,,,,,,,
WHERE (NOT(cs_nsf_life_times IS NULL)  AND  (cs_nsf_life_times > 1));,,,,,,,,,,,,,
,,,,,,,,,,,,,
* Decision Tree.,,,,,,,,,,,,,
TREE bad_cs_acct [n] BY existing_efs_cs [n] cs_nsf_12m_times [s],,,,,,,,,,,,,
  /TREE DISPLAY=TOPDOWN NODES=STATISTICS BRANCHSTATISTICS=YES NODEDEFS=YES SCALE=AUTO,,,,,,,,,,,,,
  /DEPCATEGORIES USEVALUES=[VALID],,,,,,,,,,,,,
  /PRINT MODELSUMMARY CLASSIFICATION RISK TREETABLE,,,,,,,,,,,,,
  /RULES NODES=TERMINAL SYNTAX=SQL TYPE=SCORING,,,,,,,,,,,,,
  /METHOD TYPE=CHAID,,,,,,,,,,,,,
  /GROWTHLIMIT MAXDEPTH=1 MINPARENTSIZE=400 MINCHILDSIZE=200,,,,,,,,,,,,,
  /VALIDATION TYPE=NONE OUTPUT=BOTHSAMPLES,,,,,,,,,,,,,
  /CHAID ALPHASPLIT=0.05 ALPHAMERGE=0.05 SPLITMERGED=NO CHISQUARE=PEARSON CONVERGE=0.001 MAXITERATIONS=100 ADJUST=BONFERRONI INTERVALS=20,,,,,,,,,,,,,
  /COSTS EQUAL,,,,,,,,,,,,,
  /MISSING NOMINALMISSING=VALID.,,,,,,,,,,,,,
,,,,,,,,,,,,,
,,,,,,,,,,,,,
Classification Tree,,,,,,,,,,,,,
,,,,,,,,,,,,,
Notes,,,,,,,,,,,,,
Output Created,,18-DEC-2014 17:54:57,,,,,,,,,,,
Comments,,,,,,,,,,,,,
Input,Active Dataset,DataSet1,,,,,,,,,,,
,Filter,<none>,,,,,,,,,,,
,Weight,<none>,,,,,,,,,,,
,Split File,<none>,,,,,,,,,,,
,N of Rows in Working Data File,79076,,,,,,,,,,,
Missing Value Handling,Definition of Missing,User-defined missing values of nominal independent variables are treated as valid data in tree growing and classification.,,,,,,,,,,,
,Cases Used,Only cases with valid data for the dependent variable and some or all independent variables are used in computing any statistics.,,,,,,,,,,,
Syntax,,"TREE bad_cs_acct [n] BY existing_efs_cs [n] cs_nsf_12m_times [s]
  /TREE DISPLAY=TOPDOWN NODES=STATISTICS BRANCHSTATISTICS=YES NODEDEFS=YES SCALE=AUTO
  /DEPCATEGORIES USEVALUES=[VALID]
  /PRINT MODELSUMMARY CLASSIFICATION RISK TREETABLE
  /RULES NODES=TERMINAL SYNTAX=SQL TYPE=SCORING
  /METHOD TYPE=CHAID
  /GROWTHLIMIT MAXDEPTH=1 MINPARENTSIZE=400 MINCHILDSIZE=200
  /VALIDATION TYPE=NONE OUTPUT=BOTHSAMPLES
  /CHAID ALPHASPLIT=0.05 ALPHAMERGE=0.05 SPLITMERGED=NO CHISQUARE=PEARSON CONVERGE=0.001 MAXITERATIONS=100 ADJUST=BONFERRONI INTERVALS=20
  /COSTS EQUAL
  /MISSING NOMINALMISSING=VALID.",,,,,,,,,,,
Resources,Processor Time,00:00:00.51,,,,,,,,,,,
,Elapsed Time,00:00:00.52,,,,,,,,,,,
Files Saved,Rules File,,,,,,,,,,,,
,,,,,,,,,,,,,
Warnings,,,,,,,,,,,,,
Gain summary Tables are not displayed because profits are undefined.,,,,,,,,,,,,,
Target category gains tables are not displayed because target categories are undefined.,,,,,,,,,,,,,
,,,,,,,,,,,,,
Model Summary,,,,,,,,,,,,,
Specifications,Growing Method,CHAID,,,,,,,,,,,
,Dependent Variable,bad_cs_acct,,,,,,,,,,,
,Independent Variables,"existing_efs_cs, cs_nsf_12m_times",,,,,,,,,,,
,Validation,None,,,,,,,,,,,
,Maximum Tree Depth,1,,,,,,,,,,,
,Minimum Cases in Parent Node,400,,,,,,,,,,,
,Minimum Cases in Child Node,200,,,,,,,,,,,
Results,Independent Variables Included,cs_nsf_12m_times,,,,,,,,,,,
,Number of Nodes,5,,,,,,,,,,,
,Number of Terminal Nodes,4,,,,,,,,,,,
,Depth,1,,,,,,,,,,,
,,,,,,,,,,,,,
,,,,,,,,,,,,,
Tree Table,,,,,,,,,,,,,
Node,0,,1,,Total,,Predicted Category,Parent Node,Primary Independent Variable,,,,
,N,Percent,N,Percent,N,Percent,,,Variable,Sig.a,Chi-Square,df,Split Values
0,66835,84.5%,12241,15.5%,79076,100.0%,0,,,,,,
1,52829,90.2%,5750,9.8%,58579,74.1%,0,0,cs_nsf_12m_times,0.000,6978.891,3,<= .0
2,7713,78.2%,2145,21.8%,9858,12.5%,0,0,cs_nsf_12m_times,0.000,6978.891,3,"(.0, 1.0]"
3,4764,59.8%,3196,40.2%,7960,10.1%,0,0,cs_nsf_12m_times,0.000,6978.891,3,"(1.0, 3.0]"
4,1529,57.1%,1150,42.9%,2679,3.4%,0,0,cs_nsf_12m_times,0.000,6978.891,3,> 3.0
"Growing Method: CHAID
Dependent Variable: bad_cs_acct",,,,,,,,,,,,,
a. Bonferroni adjusted,,,,,,,,,,,,,
,,,,,,,,,,,,,
Risk,,,,,,,,,,,,,
Estimate,Std. Error,,,,,,,,,,,,
.155,.001,,,,,,,,,,,,
"Growing Method: CHAID
Dependent Variable: bad_cs_acct",,,,,,,,,,,,,
,,,,,,,,,,,,,
Classification,,,,,,,,,,,,,
Observed,Predicted,,,,,,,,,,,,
,0,1,Percent Correct,,,,,,,,,,
0,66835,0,100.0%,,,,,,,,,,
1,12241,0,0.0%,,,,,,,,,,
Overall Percentage,100.0%,0.0%,84.5%,,,,,,,,,,
"Growing Method: CHAID
Dependent Variable: bad_cs_acct",,,,,,,,,,,,,
,,,,,,,,,,,,,
,,,,,,,,,,,,,
,,,,,,,,,,,,,
/* Node 1 */.,,,,,,,,,,,,,
UPDATE <TABLE>,,,,,,,,,,,,,
"SET nod_001 = 1, pre_001 = 0, prb_001 = 0.901842",,,,,,,,,,,,,
WHERE ((cs_nsf_12m_times IS NULL) OR (cs_nsf_12m_times <= 0));,,,,,,,,,,,,,
/* Node 2 */.,,,,,,,,,,,,,
UPDATE <TABLE>,,,,,,,,,,,,,
"SET nod_001 = 2, pre_001 = 0, prb_001 = 0.782410",,,,,,,,,,,,,
WHERE (NOT(cs_nsf_12m_times IS NULL)  AND  (cs_nsf_12m_times > 0  AND  cs_nsf_12m_times <= 1));,,,,,,,,,,,,,
/* Node 3 */.,,,,,,,,,,,,,
UPDATE <TABLE>,,,,,,,,,,,,,
"SET nod_001 = 3, pre_001 = 0, prb_001 = 0.598492",,,,,,,,,,,,,
WHERE (NOT(cs_nsf_12m_times IS NULL)  AND  (cs_nsf_12m_times > 1  AND  cs_nsf_12m_times <= 3));,,,,,,,,,,,,,
/* Node 4 */.,,,,,,,,,,,,,
UPDATE <TABLE>,,,,,,,,,,,,,
"SET nod_001 = 4, pre_001 = 0, prb_001 = 0.570735",,,,,,,,,,,,,
WHERE (NOT(cs_nsf_12m_times IS NULL)  AND  (cs_nsf_12m_times > 3));,,,,,,,,,,,,,
,,,,,,,,,,,,,
* Decision Tree.,,,,,,,,,,,,,
TREE bad_cs_acct [n] BY existing_efs_cs [n] cs_life_refi_rej_apps [s],,,,,,,,,,,,,
  /TREE DISPLAY=TOPDOWN NODES=STATISTICS BRANCHSTATISTICS=YES NODEDEFS=YES SCALE=AUTO,,,,,,,,,,,,,
  /DEPCATEGORIES USEVALUES=[VALID],,,,,,,,,,,,,
  /PRINT MODELSUMMARY CLASSIFICATION RISK TREETABLE,,,,,,,,,,,,,
  /RULES NODES=TERMINAL SYNTAX=SQL TYPE=SCORING,,,,,,,,,,,,,
  /METHOD TYPE=CHAID,,,,,,,,,,,,,
  /GROWTHLIMIT MAXDEPTH=1 MINPARENTSIZE=400 MINCHILDSIZE=200,,,,,,,,,,,,,
  /VALIDATION TYPE=NONE OUTPUT=BOTHSAMPLES,,,,,,,,,,,,,
  /CHAID ALPHASPLIT=0.05 ALPHAMERGE=0.05 SPLITMERGED=NO CHISQUARE=PEARSON CONVERGE=0.001 MAXITERATIONS=100 ADJUST=BONFERRONI INTERVALS=20,,,,,,,,,,,,,
  /COSTS EQUAL,,,,,,,,,,,,,
  /MISSING NOMINALMISSING=VALID.,,,,,,,,,,,,,
,,,,,,,,,,,,,
,,,,,,,,,,,,,
Classification Tree,,,,,,,,,,,,,
,,,,,,,,,,,,,
Notes,,,,,,,,,,,,,
Output Created,,18-DEC-2014 17:55:27,,,,,,,,,,,
Comments,,,,,,,,,,,,,
Input,Active Dataset,DataSet1,,,,,,,,,,,
,Filter,<none>,,,,,,,,,,,
,Weight,<none>,,,,,,,,,,,
,Split File,<none>,,,,,,,,,,,
,N of Rows in Working Data File,79076,,,,,,,,,,,
Missing Value Handling,Definition of Missing,User-defined missing values of nominal independent variables are treated as valid data in tree growing and classification.,,,,,,,,,,,
,Cases Used,Only cases with valid data for the dependent variable and some or all independent variables are used in computing any statistics.,,,,,,,,,,,
Syntax,,"TREE bad_cs_acct [n] BY existing_efs_cs [n] cs_life_refi_rej_apps [s]
  /TREE DISPLAY=TOPDOWN NODES=STATISTICS BRANCHSTATISTICS=YES NODEDEFS=YES SCALE=AUTO
  /DEPCATEGORIES USEVALUES=[VALID]
  /PRINT MODELSUMMARY CLASSIFICATION RISK TREETABLE
  /RULES NODES=TERMINAL SYNTAX=SQL TYPE=SCORING
  /METHOD TYPE=CHAID
  /GROWTHLIMIT MAXDEPTH=1 MINPARENTSIZE=400 MINCHILDSIZE=200
  /VALIDATION TYPE=NONE OUTPUT=BOTHSAMPLES
  /CHAID ALPHASPLIT=0.05 ALPHAMERGE=0.05 SPLITMERGED=NO CHISQUARE=PEARSON CONVERGE=0.001 MAXITERATIONS=100 ADJUST=BONFERRONI INTERVALS=20
  /COSTS EQUAL
  /MISSING NOMINALMISSING=VALID.",,,,,,,,,,,
Resources,Processor Time,00:00:00.41,,,,,,,,,,,
,Elapsed Time,00:00:00.46,,,,,,,,,,,
Files Saved,Rules File,,,,,,,,,,,,
,,,,,,,,,,,,,
Warnings,,,,,,,,,,,,,
Gain summary Tables are not displayed because profits are undefined.,,,,,,,,,,,,,
Target category gains tables are not displayed because target categories are undefined.,,,,,,,,,,,,,
,,,,,,,,,,,,,
Model Summary,,,,,,,,,,,,,
Specifications,Growing Method,CHAID,,,,,,,,,,,
,Dependent Variable,bad_cs_acct,,,,,,,,,,,
,Independent Variables,"existing_efs_cs, cs_life_refi_rej_apps",,,,,,,,,,,
,Validation,None,,,,,,,,,,,
,Maximum Tree Depth,1,,,,,,,,,,,
,Minimum Cases in Parent Node,400,,,,,,,,,,,
,Minimum Cases in Child Node,200,,,,,,,,,,,
Results,Independent Variables Included,cs_life_refi_rej_apps,,,,,,,,,,,
,Number of Nodes,3,,,,,,,,,,,
,Number of Terminal Nodes,2,,,,,,,,,,,
,Depth,1,,,,,,,,,,,
,,,,,,,,,,,,,
,,,,,,,,,,,,,
Tree Table,,,,,,,,,,,,,
Node,0,,1,,Total,,Predicted Category,Parent Node,Primary Independent Variable,,,,
,N,Percent,N,Percent,N,Percent,,,Variable,Sig.a,Chi-Square,df,Split Values
0,66835,84.5%,12241,15.5%,79076,100.0%,0,,,,,,
1,66565,84.8%,11975,15.2%,78540,99.3%,0,0,cs_life_refi_rej_apps,.000,480.936,1,<= .0
2,270,50.4%,266,49.6%,536,.7%,0,0,cs_life_refi_rej_apps,.000,480.936,1,> .0
"Growing Method: CHAID
Dependent Variable: bad_cs_acct",,,,,,,,,,,,,
a. Bonferroni adjusted,,,,,,,,,,,,,
,,,,,,,,,,,,,
Risk,,,,,,,,,,,,,
Estimate,Std. Error,,,,,,,,,,,,
.155,.001,,,,,,,,,,,,
"Growing Method: CHAID
Dependent Variable: bad_cs_acct",,,,,,,,,,,,,
,,,,,,,,,,,,,
Classification,,,,,,,,,,,,,
Observed,Predicted,,,,,,,,,,,,
,0,1,Percent Correct,,,,,,,,,,
0,66835,0,100.0%,,,,,,,,,,
1,12241,0,0.0%,,,,,,,,,,
Overall Percentage,100.0%,0.0%,84.5%,,,,,,,,,,
"Growing Method: CHAID
Dependent Variable: bad_cs_acct",,,,,,,,,,,,,
,,,,,,,,,,,,,
,,,,,,,,,,,,,
,,,,,,,,,,,,,
/* Node 1 */.,,,,,,,,,,,,,
UPDATE <TABLE>,,,,,,,,,,,,,
"SET nod_001 = 1, pre_001 = 0, prb_001 = 0.847530",,,,,,,,,,,,,
WHERE ((cs_life_refi_rej_apps IS NULL) OR (cs_life_refi_rej_apps <= 0));,,,,,,,,,,,,,
/* Node 2 */.,,,,,,,,,,,,,
UPDATE <TABLE>,,,,,,,,,,,,,
"SET nod_001 = 2, pre_001 = 0, prb_001 = 0.503731",,,,,,,,,,,,,
WHERE (NOT(cs_life_refi_rej_apps IS NULL)  AND  (cs_life_refi_rej_apps > 0));,,,,,,,,,,,,,
,,,,,,,,,,,,,
,,,,,,,,,,,,,
* Decision Tree.,,,,,,,,,,,,,
TREE bad_cs_acct [n] BY existing_efs_cs [n] New_EFSScore [s],,,,,,,,,,,,,
  /TREE DISPLAY=TOPDOWN NODES=STATISTICS BRANCHSTATISTICS=YES NODEDEFS=YES SCALE=AUTO,,,,,,,,,,,,,
  /DEPCATEGORIES USEVALUES=[VALID],,,,,,,,,,,,,
  /PRINT MODELSUMMARY CLASSIFICATION RISK TREETABLE,,,,,,,,,,,,,
  /RULES NODES=TERMINAL SYNTAX=SQL TYPE=SCORING,,,,,,,,,,,,,
  /METHOD TYPE=CHAID,,,,,,,,,,,,,
  /GROWTHLIMIT MAXDEPTH=1 MINPARENTSIZE=400 MINCHILDSIZE=200,,,,,,,,,,,,,
  /VALIDATION TYPE=NONE OUTPUT=BOTHSAMPLES,,,,,,,,,,,,,
  /CHAID ALPHASPLIT=0.05 ALPHAMERGE=0.05 SPLITMERGED=NO CHISQUARE=PEARSON CONVERGE=0.001 MAXITERATIONS=100 ADJUST=BONFERRONI INTERVALS=20,,,,,,,,,,,,,
  /COSTS EQUAL,,,,,,,,,,,,,
  /MISSING NOMINALMISSING=VALID.,,,,,,,,,,,,,
,,,,,,,,,,,,,
,,,,,,,,,,,,,
Classification Tree,,,,,,,,,,,,,
,,,,,,,,,,,,,
Notes,,,,,,,,,,,,,
Output Created,,18-DEC-2014 17:57:16,,,,,,,,,,,
Comments,,,,,,,,,,,,,
Input,Active Dataset,DataSet1,,,,,,,,,,,
,Filter,<none>,,,,,,,,,,,
,Weight,<none>,,,,,,,,,,,
,Split File,<none>,,,,,,,,,,,
,N of Rows in Working Data File,79076,,,,,,,,,,,
Missing Value Handling,Definition of Missing,User-defined missing values of nominal independent variables are treated as valid data in tree growing and classification.,,,,,,,,,,,
,Cases Used,Only cases with valid data for the dependent variable and some or all independent variables are used in computing any statistics.,,,,,,,,,,,
Syntax,,"TREE bad_cs_acct [n] BY existing_efs_cs [n] New_EFSScore [s]
  /TREE DISPLAY=TOPDOWN NODES=STATISTICS BRANCHSTATISTICS=YES NODEDEFS=YES SCALE=AUTO
  /DEPCATEGORIES USEVALUES=[VALID]
  /PRINT MODELSUMMARY CLASSIFICATION RISK TREETABLE
  /RULES NODES=TERMINAL SYNTAX=SQL TYPE=SCORING
  /METHOD TYPE=CHAID
  /GROWTHLIMIT MAXDEPTH=1 MINPARENTSIZE=400 MINCHILDSIZE=200
  /VALIDATION TYPE=NONE OUTPUT=BOTHSAMPLES
  /CHAID ALPHASPLIT=0.05 ALPHAMERGE=0.05 SPLITMERGED=NO CHISQUARE=PEARSON CONVERGE=0.001 MAXITERATIONS=100 ADJUST=BONFERRONI INTERVALS=20
  /COSTS EQUAL
  /MISSING NOMINALMISSING=VALID.",,,,,,,,,,,
Resources,Processor Time,00:00:00.66,,,,,,,,,,,
,Elapsed Time,00:00:00.69,,,,,,,,,,,
Files Saved,Rules File,,,,,,,,,,,,
,,,,,,,,,,,,,
Warnings,,,,,,,,,,,,,
Gain summary Tables are not displayed because profits are undefined.,,,,,,,,,,,,,
Target category gains tables are not displayed because target categories are undefined.,,,,,,,,,,,,,
,,,,,,,,,,,,,
Model Summary,,,,,,,,,,,,,
Specifications,Growing Method,CHAID,,,,,,,,,,,
,Dependent Variable,bad_cs_acct,,,,,,,,,,,
,Independent Variables,"existing_efs_cs, New_EFSScore",,,,,,,,,,,
,Validation,None,,,,,,,,,,,
,Maximum Tree Depth,1,,,,,,,,,,,
,Minimum Cases in Parent Node,400,,,,,,,,,,,
,Minimum Cases in Child Node,200,,,,,,,,,,,
Results,Independent Variables Included,New_EFSScore,,,,,,,,,,,
,Number of Nodes,10,,,,,,,,,,,
,Number of Terminal Nodes,9,,,,,,,,,,,
,Depth,1,,,,,,,,,,,
,,,,,,,,,,,,,
,,,,,,,,,,,,,
Tree Table,,,,,,,,,,,,,
Node,0,,1,,Total,,Predicted Category,Parent Node,Primary Independent Variable,,,,
,N,Percent,N,Percent,N,Percent,,,Variable,Sig.a,Chi-Square,df,Split Values
0,66835,84.5%,12241,15.5%,79076,100.0%,0,,,,,,
1,2442,68.1%,1145,31.9%,3587,4.5%,0,0,New_EFSScore,0.000,3152.526,8,<= 653.0
2,5283,72.3%,2027,27.7%,7310,9.2%,0,0,New_EFSScore,0.000,3152.526,8,"(653.0, 719.0]"
3,5495,77.5%,1593,22.5%,7088,9.0%,0,0,New_EFSScore,0.000,3152.526,8,"(719.0, 758.0]"
4,9088,82.8%,1894,17.2%,10982,13.9%,0,0,New_EFSScore,0.000,3152.526,8,"(758.0, 802.0]"
5,9122,86.0%,1491,14.0%,10613,13.4%,0,0,New_EFSScore,0.000,3152.526,8,"(802.0, 837.0]"
6,3377,88.9%,422,11.1%,3799,4.8%,0,0,New_EFSScore,0.000,3152.526,8,"(837.0, 848.0]"
7,16102,90.4%,1708,9.6%,17810,22.5%,0,0,New_EFSScore,0.000,3152.526,8,"(848.0, 904.0]"
8,10257,93.6%,696,6.4%,10953,13.9%,0,0,New_EFSScore,0.000,3152.526,8,> 904.0
9,5669,81.8%,1265,18.2%,6934,8.8%,0,0,New_EFSScore,0.000,3152.526,8,<missing>
"Growing Method: CHAID
Dependent Variable: bad_cs_acct",,,,,,,,,,,,,
a. Bonferroni adjusted,,,,,,,,,,,,,
,,,,,,,,,,,,,
Risk,,,,,,,,,,,,,
Estimate,Std. Error,,,,,,,,,,,,
.155,.001,,,,,,,,,,,,
"Growing Method: CHAID
Dependent Variable: bad_cs_acct",,,,,,,,,,,,,
,,,,,,,,,,,,,
Classification,,,,,,,,,,,,,
Observed,Predicted,,,,,,,,,,,,
,0,1,Percent Correct,,,,,,,,,,
0,66835,0,100.0%,,,,,,,,,,
1,12241,0,0.0%,,,,,,,,,,
Overall Percentage,100.0%,0.0%,84.5%,,,,,,,,,,
"Growing Method: CHAID
Dependent Variable: bad_cs_acct",,,,,,,,,,,,,
,,,,,,,,,,,,,
,,,,,,,,,,,,,
,,,,,,,,,,,,,
/* Node 1 */.,,,,,,,,,,,,,
UPDATE <TABLE>,,,,,,,,,,,,,
"SET nod_001 = 1, pre_001 = 0, prb_001 = 0.680792",,,,,,,,,,,,,
WHERE (NOT(New_EFSScore IS NULL)  AND  (New_EFSScore <= 653));,,,,,,,,,,,,,
/* Node 2 */.,,,,,,,,,,,,,
UPDATE <TABLE>,,,,,,,,,,,,,
"SET nod_001 = 2, pre_001 = 0, prb_001 = 0.722709",,,,,,,,,,,,,
WHERE (NOT(New_EFSScore IS NULL)  AND  (New_EFSScore > 653  AND  New_EFSScore <= 719));,,,,,,,,,,,,,
/* Node 3 */.,,,,,,,,,,,,,
UPDATE <TABLE>,,,,,,,,,,,,,
"SET nod_001 = 3, pre_001 = 0, prb_001 = 0.775254",,,,,,,,,,,,,
WHERE (NOT(New_EFSScore IS NULL)  AND  (New_EFSScore > 719  AND  New_EFSScore <= 758));,,,,,,,,,,,,,
/* Node 4 */.,,,,,,,,,,,,,
UPDATE <TABLE>,,,,,,,,,,,,,
"SET nod_001 = 4, pre_001 = 0, prb_001 = 0.827536",,,,,,,,,,,,,
WHERE (NOT(New_EFSScore IS NULL)  AND  (New_EFSScore > 758  AND  New_EFSScore <= 802));,,,,,,,,,,,,,
/* Node 5 */.,,,,,,,,,,,,,
UPDATE <TABLE>,,,,,,,,,,,,,
"SET nod_001 = 5, pre_001 = 0, prb_001 = 0.859512",,,,,,,,,,,,,
WHERE (NOT(New_EFSScore IS NULL)  AND  (New_EFSScore > 802  AND  New_EFSScore <= 837));,,,,,,,,,,,,,
/* Node 6 */.,,,,,,,,,,,,,
UPDATE <TABLE>,,,,,,,,,,,,,
"SET nod_001 = 6, pre_001 = 0, prb_001 = 0.888918",,,,,,,,,,,,,
WHERE (NOT(New_EFSScore IS NULL)  AND  (New_EFSScore > 837  AND  New_EFSScore <= 848));,,,,,,,,,,,,,
/* Node 7 */.,,,,,,,,,,,,,
UPDATE <TABLE>,,,,,,,,,,,,,
"SET nod_001 = 7, pre_001 = 0, prb_001 = 0.904099",,,,,,,,,,,,,
WHERE (NOT(New_EFSScore IS NULL)  AND  (New_EFSScore > 848  AND  New_EFSScore <= 904));,,,,,,,,,,,,,
/* Node 8 */.,,,,,,,,,,,,,
UPDATE <TABLE>,,,,,,,,,,,,,
"SET nod_001 = 8, pre_001 = 0, prb_001 = 0.936456",,,,,,,,,,,,,
WHERE (NOT(New_EFSScore IS NULL)  AND  (New_EFSScore > 904));,,,,,,,,,,,,,
/* Node 9 */.,,,,,,,,,,,,,
UPDATE <TABLE>,,,,,,,,,,,,,
"SET nod_001 = 9, pre_001 = 0, prb_001 = 0.817566",,,,,,,,,,,,,
WHERE (New_EFSScore IS NULL);,,,,,,,,,,,,,
,,,,,,,,,,,,,
,,,,,,,,,,,,,
* Decision Tree.,,,,,,,,,,,,,
TREE bad_cs_acct [n] BY existing_efs_cs [n] cHomeMortgageOrRentAmount [s],,,,,,,,,,,,,
  /TREE DISPLAY=TOPDOWN NODES=STATISTICS BRANCHSTATISTICS=YES NODEDEFS=YES SCALE=AUTO,,,,,,,,,,,,,
  /DEPCATEGORIES USEVALUES=[VALID],,,,,,,,,,,,,
  /PRINT MODELSUMMARY CLASSIFICATION RISK TREETABLE,,,,,,,,,,,,,
  /RULES NODES=TERMINAL SYNTAX=SQL TYPE=SCORING,,,,,,,,,,,,,
  /METHOD TYPE=CHAID,,,,,,,,,,,,,
  /GROWTHLIMIT MAXDEPTH=1 MINPARENTSIZE=400 MINCHILDSIZE=200,,,,,,,,,,,,,
  /VALIDATION TYPE=NONE OUTPUT=BOTHSAMPLES,,,,,,,,,,,,,
  /CHAID ALPHASPLIT=0.05 ALPHAMERGE=0.05 SPLITMERGED=NO CHISQUARE=PEARSON CONVERGE=0.001 MAXITERATIONS=100 ADJUST=BONFERRONI INTERVALS=20,,,,,,,,,,,,,
  /COSTS EQUAL,,,,,,,,,,,,,
  /MISSING NOMINALMISSING=VALID.,,,,,,,,,,,,,
,,,,,,,,,,,,,
,,,,,,,,,,,,,
Classification Tree,,,,,,,,,,,,,
,,,,,,,,,,,,,
Notes,,,,,,,,,,,,,
Output Created,,18-DEC-2014 17:57:42,,,,,,,,,,,
Comments,,,,,,,,,,,,,
Input,Active Dataset,DataSet1,,,,,,,,,,,
,Filter,<none>,,,,,,,,,,,
,Weight,<none>,,,,,,,,,,,
,Split File,<none>,,,,,,,,,,,
,N of Rows in Working Data File,79076,,,,,,,,,,,
Missing Value Handling,Definition of Missing,User-defined missing values of nominal independent variables are treated as valid data in tree growing and classification.,,,,,,,,,,,
,Cases Used,Only cases with valid data for the dependent variable and some or all independent variables are used in computing any statistics.,,,,,,,,,,,
Syntax,,"TREE bad_cs_acct [n] BY existing_efs_cs [n] cHomeMortgageOrRentAmount [s]
  /TREE DISPLAY=TOPDOWN NODES=STATISTICS BRANCHSTATISTICS=YES NODEDEFS=YES SCALE=AUTO
  /DEPCATEGORIES USEVALUES=[VALID]
  /PRINT MODELSUMMARY CLASSIFICATION RISK TREETABLE
  /RULES NODES=TERMINAL SYNTAX=SQL TYPE=SCORING
  /METHOD TYPE=CHAID
  /GROWTHLIMIT MAXDEPTH=1 MINPARENTSIZE=400 MINCHILDSIZE=200
  /VALIDATION TYPE=NONE OUTPUT=BOTHSAMPLES
  /CHAID ALPHASPLIT=0.05 ALPHAMERGE=0.05 SPLITMERGED=NO CHISQUARE=PEARSON CONVERGE=0.001 MAXITERATIONS=100 ADJUST=BONFERRONI INTERVALS=20
  /COSTS EQUAL
  /MISSING NOMINALMISSING=VALID.",,,,,,,,,,,
Resources,Processor Time,00:00:00.62,,,,,,,,,,,
,Elapsed Time,00:00:00.69,,,,,,,,,,,
Files Saved,Rules File,,,,,,,,,,,,
,,,,,,,,,,,,,
Warnings,,,,,,,,,,,,,
Gain summary Tables are not displayed because profits are undefined.,,,,,,,,,,,,,
Target category gains tables are not displayed because target categories are undefined.,,,,,,,,,,,,,
,,,,,,,,,,,,,
Model Summary,,,,,,,,,,,,,
Specifications,Growing Method,CHAID,,,,,,,,,,,
,Dependent Variable,bad_cs_acct,,,,,,,,,,,
,Independent Variables,"existing_efs_cs, cHomeMortgageOrRentAmount",,,,,,,,,,,
,Validation,None,,,,,,,,,,,
,Maximum Tree Depth,1,,,,,,,,,,,
,Minimum Cases in Parent Node,400,,,,,,,,,,,
,Minimum Cases in Child Node,200,,,,,,,,,,,
Results,Independent Variables Included,cHomeMortgageOrRentAmount,,,,,,,,,,,
,Number of Nodes,9,,,,,,,,,,,
,Number of Terminal Nodes,8,,,,,,,,,,,
,Depth,1,,,,,,,,,,,
,,,,,,,,,,,,,
,,,,,,,,,,,,,
Tree Table,,,,,,,,,,,,,
Node,0,,1,,Total,,Predicted Category,Parent Node,Primary Independent Variable,,,,
,N,Percent,N,Percent,N,Percent,,,Variable,Sig.a,Chi-Square,df,Split Values
0,66835,84.5%,12241,15.5%,79076,100.0%,0,,,,,,
1,9414,84.3%,1754,15.7%,11168,14.1%,0,0,cHomeMortgageOrRentAmount,.000,259.269,7,<= 381.0
2,3268,87.6%,461,12.4%,3729,4.7%,0,0,cHomeMortgageOrRentAmount,.000,259.269,7,"(381.0, 462.0]"
3,784,90.5%,82,9.5%,866,1.1%,0,0,cHomeMortgageOrRentAmount,.000,259.269,7,"(462.0, 499.0]"
4,19793,82.7%,4149,17.3%,23942,30.3%,0,0,cHomeMortgageOrRentAmount,.000,259.269,7,"(499.0, 500.0]"
5,1126,90.1%,124,9.9%,1250,1.6%,0,0,cHomeMortgageOrRentAmount,.000,259.269,7,"(500.0, 525.0]"
6,15830,85.1%,2777,14.9%,18607,23.5%,0,0,cHomeMortgageOrRentAmount,.000,259.269,7,"(525.0, 779.0]"
7,12913,86.6%,1991,13.4%,14904,18.8%,0,0,cHomeMortgageOrRentAmount,.000,259.269,7,> 779.0
8,3707,80.4%,903,19.6%,4610,5.8%,0,0,cHomeMortgageOrRentAmount,.000,259.269,7,<missing>
"Growing Method: CHAID
Dependent Variable: bad_cs_acct",,,,,,,,,,,,,
a. Bonferroni adjusted,,,,,,,,,,,,,
,,,,,,,,,,,,,
Risk,,,,,,,,,,,,,
Estimate,Std. Error,,,,,,,,,,,,
.155,.001,,,,,,,,,,,,
"Growing Method: CHAID
Dependent Variable: bad_cs_acct",,,,,,,,,,,,,
,,,,,,,,,,,,,
Classification,,,,,,,,,,,,,
Observed,Predicted,,,,,,,,,,,,
,0,1,Percent Correct,,,,,,,,,,
0,66835,0,100.0%,,,,,,,,,,
1,12241,0,0.0%,,,,,,,,,,
Overall Percentage,100.0%,0.0%,84.5%,,,,,,,,,,
"Growing Method: CHAID
Dependent Variable: bad_cs_acct",,,,,,,,,,,,,
,,,,,,,,,,,,,
,,,,,,,,,,,,,
,,,,,,,,,,,,,
/* Node 1 */.,,,,,,,,,,,,,
UPDATE <TABLE>,,,,,,,,,,,,,
"SET nod_001 = 1, pre_001 = 0, prb_001 = 0.842944",,,,,,,,,,,,,
WHERE (NOT(cHomeMortgageOrRentAmount IS NULL)  AND  (cHomeMortgageOrRentAmount <= 381));,,,,,,,,,,,,,
/* Node 2 */.,,,,,,,,,,,,,
UPDATE <TABLE>,,,,,,,,,,,,,
"SET nod_001 = 2, pre_001 = 0, prb_001 = 0.876374",,,,,,,,,,,,,
WHERE (NOT(cHomeMortgageOrRentAmount IS NULL)  AND  (cHomeMortgageOrRentAmount > 381  AND  cHomeMortgageOrRentAmount <= 462));,,,,,,,,,,,,,
/* Node 3 */.,,,,,,,,,,,,,
UPDATE <TABLE>,,,,,,,,,,,,,
"SET nod_001 = 3, pre_001 = 0, prb_001 = 0.905312",,,,,,,,,,,,,
WHERE (NOT(cHomeMortgageOrRentAmount IS NULL)  AND  (cHomeMortgageOrRentAmount > 462  AND  cHomeMortgageOrRentAmount <= 499));,,,,,,,,,,,,,
/* Node 4 */.,,,,,,,,,,,,,
UPDATE <TABLE>,,,,,,,,,,,,,
"SET nod_001 = 4, pre_001 = 0, prb_001 = 0.826706",,,,,,,,,,,,,
WHERE (NOT(cHomeMortgageOrRentAmount IS NULL)  AND  (cHomeMortgageOrRentAmount > 499  AND  cHomeMortgageOrRentAmount <= 500));,,,,,,,,,,,,,
/* Node 5 */.,,,,,,,,,,,,,
UPDATE <TABLE>,,,,,,,,,,,,,
"SET nod_001 = 5, pre_001 = 0, prb_001 = 0.900800",,,,,,,,,,,,,
WHERE (NOT(cHomeMortgageOrRentAmount IS NULL)  AND  (cHomeMortgageOrRentAmount > 500  AND  cHomeMortgageOrRentAmount <= 525));,,,,,,,,,,,,,
/* Node 6 */.,,,,,,,,,,,,,
UPDATE <TABLE>,,,,,,,,,,,,,
"SET nod_001 = 6, pre_001 = 0, prb_001 = 0.850755",,,,,,,,,,,,,
WHERE (NOT(cHomeMortgageOrRentAmount IS NULL)  AND  (cHomeMortgageOrRentAmount > 525  AND  cHomeMortgageOrRentAmount <= 779));,,,,,,,,,,,,,
/* Node 7 */.,,,,,,,,,,,,,
UPDATE <TABLE>,,,,,,,,,,,,,
"SET nod_001 = 7, pre_001 = 0, prb_001 = 0.866412",,,,,,,,,,,,,
WHERE (NOT(cHomeMortgageOrRentAmount IS NULL)  AND  (cHomeMortgageOrRentAmount > 779));,,,,,,,,,,,,,
/* Node 8 */.,,,,,,,,,,,,,
UPDATE <TABLE>,,,,,,,,,,,,,
"SET nod_001 = 8, pre_001 = 0, prb_001 = 0.804121",,,,,,,,,,,,,
WHERE (cHomeMortgageOrRentAmount IS NULL);,,,,,,,,,,,,,
,,,,,,,,,,,,,
* Decision Tree.,,,,,,,,,,,,,
TREE bad_cs_acct [n] BY existing_efs_cs [n] cMonthlyNetIncome [s],,,,,,,,,,,,,
  /TREE DISPLAY=TOPDOWN NODES=STATISTICS BRANCHSTATISTICS=YES NODEDEFS=YES SCALE=AUTO,,,,,,,,,,,,,
  /DEPCATEGORIES USEVALUES=[VALID],,,,,,,,,,,,,
  /PRINT MODELSUMMARY CLASSIFICATION RISK TREETABLE,,,,,,,,,,,,,
  /RULES NODES=TERMINAL SYNTAX=SQL TYPE=SCORING,,,,,,,,,,,,,
  /METHOD TYPE=CHAID,,,,,,,,,,,,,
  /GROWTHLIMIT MAXDEPTH=1 MINPARENTSIZE=400 MINCHILDSIZE=200,,,,,,,,,,,,,
  /VALIDATION TYPE=NONE OUTPUT=BOTHSAMPLES,,,,,,,,,,,,,
  /CHAID ALPHASPLIT=0.05 ALPHAMERGE=0.05 SPLITMERGED=NO CHISQUARE=PEARSON CONVERGE=0.001 MAXITERATIONS=100 ADJUST=BONFERRONI INTERVALS=20,,,,,,,,,,,,,
  /COSTS EQUAL,,,,,,,,,,,,,
  /MISSING NOMINALMISSING=VALID.,,,,,,,,,,,,,
,,,,,,,,,,,,,
,,,,,,,,,,,,,
Classification Tree,,,,,,,,,,,,,
,,,,,,,,,,,,,
Notes,,,,,,,,,,,,,
Output Created,,18-DEC-2014 17:58:12,,,,,,,,,,,
Comments,,,,,,,,,,,,,
Input,Active Dataset,DataSet1,,,,,,,,,,,
,Filter,<none>,,,,,,,,,,,
,Weight,<none>,,,,,,,,,,,
,Split File,<none>,,,,,,,,,,,
,N of Rows in Working Data File,79076,,,,,,,,,,,
Missing Value Handling,Definition of Missing,User-defined missing values of nominal independent variables are treated as valid data in tree growing and classification.,,,,,,,,,,,
,Cases Used,Only cases with valid data for the dependent variable and some or all independent variables are used in computing any statistics.,,,,,,,,,,,
Syntax,,"TREE bad_cs_acct [n] BY existing_efs_cs [n] cMonthlyNetIncome [s]
  /TREE DISPLAY=TOPDOWN NODES=STATISTICS BRANCHSTATISTICS=YES NODEDEFS=YES SCALE=AUTO
  /DEPCATEGORIES USEVALUES=[VALID]
  /PRINT MODELSUMMARY CLASSIFICATION RISK TREETABLE
  /RULES NODES=TERMINAL SYNTAX=SQL TYPE=SCORING
  /METHOD TYPE=CHAID
  /GROWTHLIMIT MAXDEPTH=1 MINPARENTSIZE=400 MINCHILDSIZE=200
  /VALIDATION TYPE=NONE OUTPUT=BOTHSAMPLES
  /CHAID ALPHASPLIT=0.05 ALPHAMERGE=0.05 SPLITMERGED=NO CHISQUARE=PEARSON CONVERGE=0.001 MAXITERATIONS=100 ADJUST=BONFERRONI INTERVALS=20
  /COSTS EQUAL
  /MISSING NOMINALMISSING=VALID.",,,,,,,,,,,
Resources,Processor Time,00:00:00.67,,,,,,,,,,,
,Elapsed Time,00:00:00.70,,,,,,,,,,,
Files Saved,Rules File,,,,,,,,,,,,
,,,,,,,,,,,,,
Warnings,,,,,,,,,,,,,
Gain summary Tables are not displayed because profits are undefined.,,,,,,,,,,,,,
Target category gains tables are not displayed because target categories are undefined.,,,,,,,,,,,,,
,,,,,,,,,,,,,
Model Summary,,,,,,,,,,,,,
Specifications,Growing Method,CHAID,,,,,,,,,,,
,Dependent Variable,bad_cs_acct,,,,,,,,,,,
,Independent Variables,"existing_efs_cs, cMonthlyNetIncome",,,,,,,,,,,
,Validation,None,,,,,,,,,,,
,Maximum Tree Depth,1,,,,,,,,,,,
,Minimum Cases in Parent Node,400,,,,,,,,,,,
,Minimum Cases in Child Node,200,,,,,,,,,,,
Results,Independent Variables Included,cMonthlyNetIncome,,,,,,,,,,,
,Number of Nodes,8,,,,,,,,,,,
,Number of Terminal Nodes,7,,,,,,,,,,,
,Depth,1,,,,,,,,,,,
,,,,,,,,,,,,,
,,,,,,,,,,,,,
Tree Table,,,,,,,,,,,,,
Node,0,,1,,Total,,Predicted Category,Parent Node,Primary Independent Variable,,,,
,N,Percent,N,Percent,N,Percent,,,Variable,Sig.a,Chi-Square,df,Split Values
0,66835,84.5%,12241,15.5%,79076,100.0%,0,,,,,,
1,8735,81.1%,2034,18.9%,10769,13.6%,0,0,cMonthlyNetIncome,.000,327.692,6,<= 1748.000
2,3012,84.0%,575,16.0%,3587,4.5%,0,0,cMonthlyNetIncome,.000,327.692,6,"(1748.000, 1883.000]"
3,8883,81.8%,1974,18.2%,10857,13.7%,0,0,cMonthlyNetIncome,.000,327.692,6,"(1883.000, 2006.000], <missing>"
4,24301,84.6%,4414,15.4%,28715,36.3%,0,0,cMonthlyNetIncome,.000,327.692,6,"(2006.000, 3069.000]"
5,12343,85.9%,2031,14.1%,14374,18.2%,0,0,cMonthlyNetIncome,.000,327.692,6,"(3069.000, 4109.000]"
6,6343,88.3%,843,11.7%,7186,9.1%,0,0,cMonthlyNetIncome,.000,327.692,6,"(4109.000, 5484.000]"
7,3218,89.7%,370,10.3%,3588,4.5%,0,0,cMonthlyNetIncome,.000,327.692,6,> 5484.000
"Growing Method: CHAID
Dependent Variable: bad_cs_acct",,,,,,,,,,,,,
a. Bonferroni adjusted,,,,,,,,,,,,,
,,,,,,,,,,,,,
Risk,,,,,,,,,,,,,
Estimate,Std. Error,,,,,,,,,,,,
.155,.001,,,,,,,,,,,,
"Growing Method: CHAID
Dependent Variable: bad_cs_acct",,,,,,,,,,,,,
,,,,,,,,,,,,,
Classification,,,,,,,,,,,,,
Observed,Predicted,,,,,,,,,,,,
,0,1,Percent Correct,,,,,,,,,,
0,66835,0,100.0%,,,,,,,,,,
1,12241,0,0.0%,,,,,,,,,,
Overall Percentage,100.0%,0.0%,84.5%,,,,,,,,,,
"Growing Method: CHAID
Dependent Variable: bad_cs_acct",,,,,,,,,,,,,
,,,,,,,,,,,,,
,,,,,,,,,,,,,
,,,,,,,,,,,,,
/* Node 1 */.,,,,,,,,,,,,,
UPDATE <TABLE>,,,,,,,,,,,,,
"SET nod_001 = 1, pre_001 = 0, prb_001 = 0.811125",,,,,,,,,,,,,
WHERE (NOT(cMonthlyNetIncome IS NULL)  AND  (cMonthlyNetIncome <= 1748));,,,,,,,,,,,,,
/* Node 2 */.,,,,,,,,,,,,,
UPDATE <TABLE>,,,,,,,,,,,,,
"SET nod_001 = 2, pre_001 = 0, prb_001 = 0.839699",,,,,,,,,,,,,
WHERE (NOT(cMonthlyNetIncome IS NULL)  AND  (cMonthlyNetIncome > 1748  AND  cMonthlyNetIncome <= 1883));,,,,,,,,,,,,,
/* Node 3 */.,,,,,,,,,,,,,
UPDATE <TABLE>,,,,,,,,,,,,,
"SET nod_001 = 3, pre_001 = 0, prb_001 = 0.818182",,,,,,,,,,,,,
WHERE ((cMonthlyNetIncome IS NULL) OR (cMonthlyNetIncome > 1883  AND  cMonthlyNetIncome <= 2006));,,,,,,,,,,,,,
/* Node 4 */.,,,,,,,,,,,,,
UPDATE <TABLE>,,,,,,,,,,,,,
"SET nod_001 = 4, pre_001 = 0, prb_001 = 0.846282",,,,,,,,,,,,,
WHERE (NOT(cMonthlyNetIncome IS NULL)  AND  (cMonthlyNetIncome > 2006  AND  cMonthlyNetIncome <= 3069));,,,,,,,,,,,,,
/* Node 5 */.,,,,,,,,,,,,,
UPDATE <TABLE>,,,,,,,,,,,,,
"SET nod_001 = 5, pre_001 = 0, prb_001 = 0.858703",,,,,,,,,,,,,
WHERE (NOT(cMonthlyNetIncome IS NULL)  AND  (cMonthlyNetIncome > 3069  AND  cMonthlyNetIncome <= 4109));,,,,,,,,,,,,,
/* Node 6 */.,,,,,,,,,,,,,
UPDATE <TABLE>,,,,,,,,,,,,,
"SET nod_001 = 6, pre_001 = 0, prb_001 = 0.882689",,,,,,,,,,,,,
WHERE (NOT(cMonthlyNetIncome IS NULL)  AND  (cMonthlyNetIncome > 4109  AND  cMonthlyNetIncome <= 5484));,,,,,,,,,,,,,
/* Node 7 */.,,,,,,,,,,,,,
UPDATE <TABLE>,,,,,,,,,,,,,
"SET nod_001 = 7, pre_001 = 0, prb_001 = 0.896878",,,,,,,,,,,,,
WHERE (NOT(cMonthlyNetIncome IS NULL)  AND  (cMonthlyNetIncome > 5484));,,,,,,,,,,,,,
,,,,,,,,,,,,,
* Decision Tree.,,,,,,,,,,,,,
TREE bad_cs_acct [n] BY existing_efs_cs [n] cResidenceLocation [n],,,,,,,,,,,,,
  /TREE DISPLAY=TOPDOWN NODES=STATISTICS BRANCHSTATISTICS=YES NODEDEFS=YES SCALE=AUTO,,,,,,,,,,,,,
  /DEPCATEGORIES USEVALUES=[VALID],,,,,,,,,,,,,
  /PRINT MODELSUMMARY CLASSIFICATION RISK TREETABLE,,,,,,,,,,,,,
  /RULES NODES=TERMINAL SYNTAX=SQL TYPE=SCORING,,,,,,,,,,,,,
  /METHOD TYPE=CHAID,,,,,,,,,,,,,
  /GROWTHLIMIT MAXDEPTH=1 MINPARENTSIZE=400 MINCHILDSIZE=200,,,,,,,,,,,,,
  /VALIDATION TYPE=NONE OUTPUT=BOTHSAMPLES,,,,,,,,,,,,,
  /CHAID ALPHASPLIT=0.05 ALPHAMERGE=0.05 SPLITMERGED=NO CHISQUARE=PEARSON CONVERGE=0.001 MAXITERATIONS=100 ADJUST=BONFERRONI,,,,,,,,,,,,,
  /COSTS EQUAL,,,,,,,,,,,,,
  /MISSING NOMINALMISSING=VALID.,,,,,,,,,,,,,
,,,,,,,,,,,,,
,,,,,,,,,,,,,
Classification Tree,,,,,,,,,,,,,
,,,,,,,,,,,,,
Notes,,,,,,,,,,,,,
Output Created,,18-DEC-2014 17:58:49,,,,,,,,,,,
Comments,,,,,,,,,,,,,
Input,Active Dataset,DataSet1,,,,,,,,,,,
,Filter,<none>,,,,,,,,,,,
,Weight,<none>,,,,,,,,,,,
,Split File,<none>,,,,,,,,,,,
,N of Rows in Working Data File,79076,,,,,,,,,,,
Missing Value Handling,Definition of Missing,User-defined missing values of nominal independent variables are treated as valid data in tree growing and classification.,,,,,,,,,,,
,Cases Used,Only cases with valid data for the dependent variable and some or all independent variables are used in computing any statistics.,,,,,,,,,,,
Syntax,,"TREE bad_cs_acct [n] BY existing_efs_cs [n] cResidenceLocation [n]
  /TREE DISPLAY=TOPDOWN NODES=STATISTICS BRANCHSTATISTICS=YES NODEDEFS=YES SCALE=AUTO
  /DEPCATEGORIES USEVALUES=[VALID]
  /PRINT MODELSUMMARY CLASSIFICATION RISK TREETABLE
  /RULES NODES=TERMINAL SYNTAX=SQL TYPE=SCORING
  /METHOD TYPE=CHAID
  /GROWTHLIMIT MAXDEPTH=1 MINPARENTSIZE=400 MINCHILDSIZE=200
  /VALIDATION TYPE=NONE OUTPUT=BOTHSAMPLES
  /CHAID ALPHASPLIT=0.05 ALPHAMERGE=0.05 SPLITMERGED=NO CHISQUARE=PEARSON CONVERGE=0.001 MAXITERATIONS=100 ADJUST=BONFERRONI
  /COSTS EQUAL
  /MISSING NOMINALMISSING=VALID.",,,,,,,,,,,
Resources,Processor Time,00:00:00.36,,,,,,,,,,,
,Elapsed Time,00:00:00.36,,,,,,,,,,,
Files Saved,Rules File,,,,,,,,,,,,
,,,,,,,,,,,,,
Warnings,,,,,,,,,,,,,
Gain summary Tables are not displayed because profits are undefined.,,,,,,,,,,,,,
Target category gains tables are not displayed because target categories are undefined.,,,,,,,,,,,,,
,,,,,,,,,,,,,
Model Summary,,,,,,,,,,,,,
Specifications,Growing Method,CHAID,,,,,,,,,,,
,Dependent Variable,bad_cs_acct,,,,,,,,,,,
,Independent Variables,"existing_efs_cs, cResidenceLocation",,,,,,,,,,,
,Validation,None,,,,,,,,,,,
,Maximum Tree Depth,1,,,,,,,,,,,
,Minimum Cases in Parent Node,400,,,,,,,,,,,
,Minimum Cases in Child Node,200,,,,,,,,,,,
Results,Independent Variables Included,cResidenceLocation,,,,,,,,,,,
,Number of Nodes,5,,,,,,,,,,,
,Number of Terminal Nodes,4,,,,,,,,,,,
,Depth,1,,,,,,,,,,,
,,,,,,,,,,,,,
,,,,,,,,,,,,,
Tree Table,,,,,,,,,,,,,
Node,0,,1,,Total,,Predicted Category,Parent Node,Primary Independent Variable,,,,
,N,Percent,N,Percent,N,Percent,,,Variable,Sig.a,Chi-Square,df,Split Values
0,66835,84.5%,12241,15.5%,79076,100.0%,0,,,,,,
1,7882,81.9%,1746,18.1%,9628,12.2%,0,0,cResidenceLocation,.000,178.153,3,<blank>; MB; NT; NU; YT
2,43949,84.1%,8335,15.9%,52284,66.1%,0,0,cResidenceLocation,.000,178.153,3,AB; ON; SK; BC
3,10311,87.9%,1414,12.1%,11725,14.8%,0,0,cResidenceLocation,.000,178.153,3,NL; NS
4,4693,86.3%,746,13.7%,5439,6.9%,0,0,cResidenceLocation,.000,178.153,3,NB; PE
"Growing Method: CHAID
Dependent Variable: bad_cs_acct",,,,,,,,,,,,,
a. Bonferroni adjusted,,,,,,,,,,,,,
,,,,,,,,,,,,,
Risk,,,,,,,,,,,,,
Estimate,Std. Error,,,,,,,,,,,,
.155,.001,,,,,,,,,,,,
"Growing Method: CHAID
Dependent Variable: bad_cs_acct",,,,,,,,,,,,,
,,,,,,,,,,,,,
Classification,,,,,,,,,,,,,
Observed,Predicted,,,,,,,,,,,,
,0,1,Percent Correct,,,,,,,,,,
0,66835,0,100.0%,,,,,,,,,,
1,12241,0,0.0%,,,,,,,,,,
Overall Percentage,100.0%,0.0%,84.5%,,,,,,,,,,
"Growing Method: CHAID
Dependent Variable: bad_cs_acct",,,,,,,,,,,,,
,,,,,,,,,,,,,
,,,,,,,,,,,,,
,,,,,,,,,,,,,
/* Node 1 */.,,,,,,,,,,,,,
UPDATE <TABLE>,,,,,,,,,,,,,
"SET nod_001 = 1, pre_001 = 0, prb_001 = 0.818654",,,,,,,,,,,,,
WHERE (cResidenceLocation = '' OR cResidenceLocation = 'MB' OR cResidenceLocation = 'NT' OR cResidenceLocation = 'NU' OR cResidenceLocation = 'YT');,,,,,,,,,,,,,
/* Node 2 */.,,,,,,,,,,,,,
UPDATE <TABLE>,,,,,,,,,,,,,
"SET nod_001 = 2, pre_001 = 0, prb_001 = 0.840582",,,,,,,,,,,,,
WHERE ((cResidenceLocation IS NULL) OR cResidenceLocation <> ''  AND  cResidenceLocation <> 'NL'  AND  cResidenceLocation <> 'NB'  AND  cResidenceLocation <> 'NS'  AND  cResidenceLocation <> 'MB'  AND  cResidenceLocation <> 'NT'  AND  cResidenceLocation <> 'NU'  AND  cResidenceLocation <> 'PE'  AND  cResidenceLocation <> 'YT');,,,,,,,,,,,,,
/* Node 3 */.,,,,,,,,,,,,,
UPDATE <TABLE>,,,,,,,,,,,,,
"SET nod_001 = 3, pre_001 = 0, prb_001 = 0.879403",,,,,,,,,,,,,
WHERE (cResidenceLocation = 'NL' OR cResidenceLocation = 'NS');,,,,,,,,,,,,,
/* Node 4 */.,,,,,,,,,,,,,
UPDATE <TABLE>,,,,,,,,,,,,,
"SET nod_001 = 4, pre_001 = 0, prb_001 = 0.862842",,,,,,,,,,,,,
WHERE (cResidenceLocation = 'NB' OR cResidenceLocation = 'PE');,,,,,,,,,,,,,
,,,,,,,,,,,,,
* Decision Tree.,,,,,,,,,,,,,
TREE bad_cs_acct [n] BY existing_efs_cs [n] AT01 [s],,,,,,,,,,,,,
  /TREE DISPLAY=TOPDOWN NODES=STATISTICS BRANCHSTATISTICS=YES NODEDEFS=YES SCALE=AUTO,,,,,,,,,,,,,
  /DEPCATEGORIES USEVALUES=[VALID],,,,,,,,,,,,,
  /PRINT MODELSUMMARY CLASSIFICATION RISK TREETABLE,,,,,,,,,,,,,
  /RULES NODES=TERMINAL SYNTAX=SQL TYPE=SCORING,,,,,,,,,,,,,
  /METHOD TYPE=CHAID,,,,,,,,,,,,,
  /GROWTHLIMIT MAXDEPTH=1 MINPARENTSIZE=400 MINCHILDSIZE=200,,,,,,,,,,,,,
  /VALIDATION TYPE=NONE OUTPUT=BOTHSAMPLES,,,,,,,,,,,,,
  /CHAID ALPHASPLIT=0.05 ALPHAMERGE=0.05 SPLITMERGED=NO CHISQUARE=PEARSON CONVERGE=0.001 MAXITERATIONS=100 ADJUST=BONFERRONI INTERVALS=20,,,,,,,,,,,,,
  /COSTS EQUAL,,,,,,,,,,,,,
  /MISSING NOMINALMISSING=VALID.,,,,,,,,,,,,,
,,,,,,,,,,,,,
,,,,,,,,,,,,,
Classification Tree,,,,,,,,,,,,,
,,,,,,,,,,,,,
Notes,,,,,,,,,,,,,
Output Created,,18-DEC-2014 17:59:15,,,,,,,,,,,
Comments,,,,,,,,,,,,,
Input,Active Dataset,DataSet1,,,,,,,,,,,
,Filter,<none>,,,,,,,,,,,
,Weight,<none>,,,,,,,,,,,
,Split File,<none>,,,,,,,,,,,
,N of Rows in Working Data File,79076,,,,,,,,,,,
Missing Value Handling,Definition of Missing,User-defined missing values of nominal independent variables are treated as valid data in tree growing and classification.,,,,,,,,,,,
,Cases Used,Only cases with valid data for the dependent variable and some or all independent variables are used in computing any statistics.,,,,,,,,,,,
Syntax,,"TREE bad_cs_acct [n] BY existing_efs_cs [n] AT01 [s]
  /TREE DISPLAY=TOPDOWN NODES=STATISTICS BRANCHSTATISTICS=YES NODEDEFS=YES SCALE=AUTO
  /DEPCATEGORIES USEVALUES=[VALID]
  /PRINT MODELSUMMARY CLASSIFICATION RISK TREETABLE
  /RULES NODES=TERMINAL SYNTAX=SQL TYPE=SCORING
  /METHOD TYPE=CHAID
  /GROWTHLIMIT MAXDEPTH=1 MINPARENTSIZE=400 MINCHILDSIZE=200
  /VALIDATION TYPE=NONE OUTPUT=BOTHSAMPLES
  /CHAID ALPHASPLIT=0.05 ALPHAMERGE=0.05 SPLITMERGED=NO CHISQUARE=PEARSON CONVERGE=0.001 MAXITERATIONS=100 ADJUST=BONFERRONI INTERVALS=20
  /COSTS EQUAL
  /MISSING NOMINALMISSING=VALID.",,,,,,,,,,,
Resources,Processor Time,00:00:00.58,,,,,,,,,,,
,Elapsed Time,00:00:00.60,,,,,,,,,,,
Files Saved,Rules File,,,,,,,,,,,,
,,,,,,,,,,,,,
Warnings,,,,,,,,,,,,,
Gain summary Tables are not displayed because profits are undefined.,,,,,,,,,,,,,
Target category gains tables are not displayed because target categories are undefined.,,,,,,,,,,,,,
,,,,,,,,,,,,,
Model Summary,,,,,,,,,,,,,
Specifications,Growing Method,CHAID,,,,,,,,,,,
,Dependent Variable,bad_cs_acct,,,,,,,,,,,
,Independent Variables,"existing_efs_cs, AT01",,,,,,,,,,,
,Validation,None,,,,,,,,,,,
,Maximum Tree Depth,1,,,,,,,,,,,
,Minimum Cases in Parent Node,400,,,,,,,,,,,
,Minimum Cases in Child Node,200,,,,,,,,,,,
Results,Independent Variables Included,AT01,,,,,,,,,,,
,Number of Nodes,6,,,,,,,,,,,
,Number of Terminal Nodes,5,,,,,,,,,,,
,Depth,1,,,,,,,,,,,
,,,,,,,,,,,,,
,,,,,,,,,,,,,
Tree Table,,,,,,,,,,,,,
Node,0,,1,,Total,,Predicted Category,Parent Node,Primary Independent Variable,,,,
,N,Percent,N,Percent,N,Percent,,,Variable,Sig.a,Chi-Square,df,Split Values
0,66835,84.5%,12241,15.5%,79076,100.0%,0,,,,,,
1,7825,78.8%,2102,21.2%,9927,12.6%,0,0,AT01,.000,729.067,4,<= 3.0
2,17100,82.1%,3728,17.9%,20828,26.3%,0,0,AT01,.000,729.067,4,"(3.0, 7.0]"
3,13407,84.2%,2522,15.8%,15929,20.1%,0,0,AT01,.000,729.067,4,"(7.0, 8.0], <missing>"
4,16109,86.4%,2544,13.6%,18653,23.6%,0,0,AT01,.000,729.067,4,"(8.0, 16.0]"
5,12394,90.2%,1345,9.8%,13739,17.4%,0,0,AT01,.000,729.067,4,> 16.0
"Growing Method: CHAID
Dependent Variable: bad_cs_acct",,,,,,,,,,,,,
a. Bonferroni adjusted,,,,,,,,,,,,,
,,,,,,,,,,,,,
Risk,,,,,,,,,,,,,
Estimate,Std. Error,,,,,,,,,,,,
.155,.001,,,,,,,,,,,,
"Growing Method: CHAID
Dependent Variable: bad_cs_acct",,,,,,,,,,,,,
,,,,,,,,,,,,,
Classification,,,,,,,,,,,,,
Observed,Predicted,,,,,,,,,,,,
,0,1,Percent Correct,,,,,,,,,,
0,66835,0,100.0%,,,,,,,,,,
1,12241,0,0.0%,,,,,,,,,,
Overall Percentage,100.0%,0.0%,84.5%,,,,,,,,,,
"Growing Method: CHAID
Dependent Variable: bad_cs_acct",,,,,,,,,,,,,
,,,,,,,,,,,,,
,,,,,,,,,,,,,
,,,,,,,,,,,,,
/* Node 1 */.,,,,,,,,,,,,,
UPDATE <TABLE>,,,,,,,,,,,,,
"SET nod_001 = 1, pre_001 = 0, prb_001 = 0.788254",,,,,,,,,,,,,
WHERE (NOT(AT01 IS NULL)  AND  (AT01 <= 3));,,,,,,,,,,,,,
/* Node 2 */.,,,,,,,,,,,,,
UPDATE <TABLE>,,,,,,,,,,,,,
"SET nod_001 = 2, pre_001 = 0, prb_001 = 0.821010",,,,,,,,,,,,,
WHERE (NOT(AT01 IS NULL)  AND  (AT01 > 3  AND  AT01 <= 7));,,,,,,,,,,,,,
/* Node 3 */.,,,,,,,,,,,,,
UPDATE <TABLE>,,,,,,,,,,,,,
"SET nod_001 = 3, pre_001 = 0, prb_001 = 0.841672",,,,,,,,,,,,,
WHERE ((AT01 IS NULL) OR (AT01 > 7  AND  AT01 <= 8));,,,,,,,,,,,,,
/* Node 4 */.,,,,,,,,,,,,,
UPDATE <TABLE>,,,,,,,,,,,,,
"SET nod_001 = 4, pre_001 = 0, prb_001 = 0.863614",,,,,,,,,,,,,
WHERE (NOT(AT01 IS NULL)  AND  (AT01 > 8  AND  AT01 <= 16));,,,,,,,,,,,,,
/* Node 5 */.,,,,,,,,,,,,,
UPDATE <TABLE>,,,,,,,,,,,,,
"SET nod_001 = 5, pre_001 = 0, prb_001 = 0.902104",,,,,,,,,,,,,
WHERE (NOT(AT01 IS NULL)  AND  (AT01 > 16));,,,,,,,,,,,,,
